{
    "design_options": {
        "coupling_type": "CLT",
        "geometry_dict": {
            "claw_opts": {
                "connection_pads": {
                    "readout": {
                        "connector_location": "90",
                        "connector_type": "0",
                        "claw_length": "215um",
                        "ground_spacing": "10um",
                        "claw_gap": "5.1um",
                        "claw_width": "9um",
                        "claw_cpw_width": "11.7um",
                        "claw_cpw_length": "0um"
                    }
                },
                "cross_width": "30um",
                "cross_length": "240um",
                "cross_gap": "30um",
                "orientation": "-90",
                "pos_x": "-1000um"
            },
            "cpw_opts": {
                "fillet": "49.9um",
                "total_length": "2200um",
                "trace_width": "11.7um",
                "trace_gap": "5.1um",
                "lead": {
                    "start_straight": "50um"
                },
                "pin_inputs": {
                    "start_pin": {
                        "component": "cplr",
                        "pin": "second_end"
                    },
                    "end_pin": {
                        "component": "claw",
                        "pin": "readout"
                    }
                },
                "meander": {
                    "spacing": "100um",
                    "asymmetry": "-112.5um"
                }
            },
            "cplr_opts": {
                "prime_width": "11.7um",
                "prime_gap": "5.1um",
                "second_width": "11.7um",
                "second_gap": "5.1um",
                "coupling_space": "7.9um",
                "coupling_length": "225um",
                "open_termination": false,
                "down_length": "50um",
                "orientation": "-90"
            }
        }
    },
    "sim_options": {
        "sim_type": "epr",
        "setup": {
            "name": "Setup",
            "reuse_selected_design": true,
            "reuse_setup": true,
            "min_freq_ghz": 1,
            "n_modes": 1,
            "max_delta_f": 0.05,
            "max_passes": 50,
            "min_passes": 1,
            "min_converged": 1,
            "pct_refinement": 30,
            "basis_order": 1,
            "vars": {
                "Lj": "0nH",
                "Cj": "0fF"
            },
            "min_converged_passes": 2
        }
    },
    "sim_results": {
        "cavity_frequency": 10141772720.2,
        "Q": 17716.56760760349,
        "kappa": 572445.68727
    },
    "misc": {}
}